id,ref_id,left_id,right_id,compared_result,reason
1,1,2,11,1,"[[0,0,0,1,1],[1,0,0,1,1]]"
2,1,2,12,1,"[[0,0,0,1,1],[1,0,0,1,2]]"
3,1,2,13,1,"[[0,0,0,1,1],[1,0,0,1,2]]"
4,1,2,14,1,"[[0,0,0,1,1],[1,0,0,1,3]]"
5,1,11,12,1,"[[1,0,0,1,1],[1,0,0,1,2]]"
6,1,11,13,1,"[[1,0,0,1,1],[1,0,0,1,2]]"
7,1,11,14,1,"[[1,0,0,1,1],[1,0,0,1,3]]"
8,1,12,13,0,"[[1,0,0,1,2],[1,0,0,1,2]]"
9,1,12,14,1,"[[1,0,0,1,2],[1,0,0,1,3]]"
10,1,13,14,1,"[[1,0,0,1,2],[1,0,0,1,3]]"
11,2,1,11,1,"[[0,0,0,1,1],[1,0,0,1,2]]"
12,2,1,12,1,"[[0,0,0,1,1],[1,0,0,1,1]]"
13,2,1,13,1,"[[0,0,0,1,1],[1,0,0,1,3]]"
14,2,1,14,1,"[[0,0,0,1,1],[1,0,0,1,2]]"
15,2,11,12,-1,"[[1,0,0,1,2],[1,0,0,1,1]]"
16,2,11,13,1,"[[1,0,0,1,2],[1,0,0,1,3]]"
17,2,11,14,0,"[[1,0,0,1,2],[1,0,0,1,2]]"
18,2,12,13,1,"[[1,0,0,1,1],[1,0,0,1,3]]"
19,2,12,14,1,"[[1,0,0,1,1],[1,0,0,1,2]]"
20,2,13,14,-1,"[[1,0,0,1,3],[1,0,0,1,2]]"
21,3,4,5,0,"[[0,0,0,0.5,1],[0,0,0,0.5,1]]"
22,3,4,6,1,"[[0,0,0,0.5,1],[0,0,0,0.5,2]]"
23,3,4,7,1,"[[0,0,0,0.5,1],[0,0,1,0.5,2]]"
24,3,4,8,1,"[[0,0,0,0.5,1],[0,0,1,0.5,3]]"
25,3,4,9,1,"[[0,0,0,0.5,1],[0,0,1,0.5,3]]"
26,3,4,10,1,"[[0,0,0,0.5,1],[0,0,1,0.5,4]]"
27,3,4,11,1,"[[0,0,0,0.5,1],[1,0,1,0.5,0]]"
28,3,4,12,1,"[[0,0,0,0.5,1],[1,0,1,0.5,1]]"
29,3,4,13,1,"[[0,0,0,0.5,1],[1,0,1,0.5,1]]"
30,3,4,14,1,"[[0,0,0,0.5,1],[1,0,1,0.5,2]]"
31,3,5,6,1,"[[0,0,0,0.5,1],[0,0,0,0.5,2]]"
32,3,5,7,1,"[[0,0,0,0.5,1],[0,0,1,0.5,2]]"
33,3,5,8,1,"[[0,0,0,0.5,1],[0,0,1,0.5,3]]"
34,3,5,9,1,"[[0,0,0,0.5,1],[0,0,1,0.5,3]]"
35,3,5,10,1,"[[0,0,0,0.5,1],[0,0,1,0.5,4]]"
36,3,5,11,1,"[[0,0,0,0.5,1],[1,0,1,0.5,0]]"
37,3,5,12,1,"[[0,0,0,0.5,1],[1,0,1,0.5,1]]"
38,3,5,13,1,"[[0,0,0,0.5,1],[1,0,1,0.5,1]]"
39,3,5,14,1,"[[0,0,0,0.5,1],[1,0,1,0.5,2]]"
40,3,6,7,1,"[[0,0,0,0.5,2],[0,0,1,0.5,2]]"
41,3,6,8,1,"[[0,0,0,0.5,2],[0,0,1,0.5,3]]"
42,3,6,9,1,"[[0,0,0,0.5,2],[0,0,1,0.5,3]]"
43,3,6,10,1,"[[0,0,0,0.5,2],[0,0,1,0.5,4]]"
44,3,6,11,1,"[[0,0,0,0.5,2],[1,0,1,0.5,0]]"
45,3,6,12,1,"[[0,0,0,0.5,2],[1,0,1,0.5,1]]"
46,3,6,13,1,"[[0,0,0,0.5,2],[1,0,1,0.5,1]]"
47,3,6,14,1,"[[0,0,0,0.5,2],[1,0,1,0.5,2]]"
48,3,7,8,1,"[[0,0,1,0.5,2],[0,0,1,0.5,3]]"
49,3,7,9,1,"[[0,0,1,0.5,2],[0,0,1,0.5,3]]"
50,3,7,10,1,"[[0,0,1,0.5,2],[0,0,1,0.5,4]]"
51,3,7,11,1,"[[0,0,1,0.5,2],[1,0,1,0.5,0]]"
52,3,7,12,1,"[[0,0,1,0.5,2],[1,0,1,0.5,1]]"
53,3,7,13,1,"[[0,0,1,0.5,2],[1,0,1,0.5,1]]"
54,3,7,14,1,"[[0,0,1,0.5,2],[1,0,1,0.5,2]]"
55,3,8,9,0,"[[0,0,1,0.5,3],[0,0,1,0.5,3]]"
56,3,8,10,1,"[[0,0,1,0.5,3],[0,0,1,0.5,4]]"
57,3,8,11,1,"[[0,0,1,0.5,3],[1,0,1,0.5,0]]"
58,3,8,12,1,"[[0,0,1,0.5,3],[1,0,1,0.5,1]]"
59,3,8,13,1,"[[0,0,1,0.5,3],[1,0,1,0.5,1]]"
60,3,8,14,1,"[[0,0,1,0.5,3],[1,0,1,0.5,2]]"
61,3,9,10,1,"[[0,0,1,0.5,3],[0,0,1,0.5,4]]"
62,3,9,11,1,"[[0,0,1,0.5,3],[1,0,1,0.5,0]]"
63,3,9,12,1,"[[0,0,1,0.5,3],[1,0,1,0.5,1]]"
64,3,9,13,1,"[[0,0,1,0.5,3],[1,0,1,0.5,1]]"
65,3,9,14,1,"[[0,0,1,0.5,3],[1,0,1,0.5,2]]"
66,3,10,11,1,"[[0,0,1,0.5,4],[1,0,1,0.5,0]]"
67,3,10,12,1,"[[0,0,1,0.5,4],[1,0,1,0.5,1]]"
68,3,10,13,1,"[[0,0,1,0.5,4],[1,0,1,0.5,1]]"
69,3,10,14,1,"[[0,0,1,0.5,4],[1,0,1,0.5,2]]"
70,3,11,12,1,"[[1,0,1,0.5,0],[1,0,1,0.5,1]]"
71,3,11,13,1,"[[1,0,1,0.5,0],[1,0,1,0.5,1]]"
72,3,11,14,1,"[[1,0,1,0.5,0],[1,0,1,0.5,2]]"
73,3,12,13,0,"[[1,0,1,0.5,1],[1,0,1,0.5,1]]"
74,3,12,14,1,"[[1,0,1,0.5,1],[1,0,1,0.5,2]]"
75,3,13,14,1,"[[1,0,1,0.5,1],[1,0,1,0.5,2]]"
76,4,3,5,1,"[[0,0,0,0.5,1],[0,0,0,0.5,2]]"
77,4,3,6,0,"[[0,0,0,0.5,1],[0,0,0,0.5,1]]"
78,4,3,7,1,"[[0,0,0,0.5,1],[0,0,1,0.5,3]]"
79,4,3,8,1,"[[0,0,0,0.5,1],[0,0,1,0.5,4]]"
80,4,3,9,1,"[[0,0,0,0.5,1],[0,0,1,0.5,2]]"
81,4,3,10,1,"[[0,0,0,0.5,1],[0,0,1,0.5,3]]"
82,4,3,11,1,"[[0,0,0,0.5,1],[1,0,1,0.5,1]]"
83,4,3,12,1,"[[0,0,0,0.5,1],[1,0,1,0.5,0]]"
84,4,3,13,1,"[[0,0,0,0.5,1],[1,0,1,0.5,2]]"
85,4,3,14,1,"[[0,0,0,0.5,1],[1,0,1,0.5,1]]"
86,4,5,6,-1,"[[0,0,0,0.5,2],[0,0,0,0.5,1]]"
87,4,5,7,1,"[[0,0,0,0.5,2],[0,0,1,0.5,3]]"
88,4,5,8,1,"[[0,0,0,0.5,2],[0,0,1,0.5,4]]"
89,4,5,9,1,"[[0,0,0,0.5,2],[0,0,1,0.5,2]]"
90,4,5,10,1,"[[0,0,0,0.5,2],[0,0,1,0.5,3]]"
91,4,5,11,1,"[[0,0,0,0.5,2],[1,0,1,0.5,1]]"
92,4,5,12,1,"[[0,0,0,0.5,2],[1,0,1,0.5,0]]"
93,4,5,13,1,"[[0,0,0,0.5,2],[1,0,1,0.5,2]]"
94,4,5,14,1,"[[0,0,0,0.5,2],[1,0,1,0.5,1]]"
95,4,6,7,1,"[[0,0,0,0.5,1],[0,0,1,0.5,3]]"
96,4,6,8,1,"[[0,0,0,0.5,1],[0,0,1,0.5,4]]"
97,4,6,9,1,"[[0,0,0,0.5,1],[0,0,1,0.5,2]]"
98,4,6,10,1,"[[0,0,0,0.5,1],[0,0,1,0.5,3]]"
99,4,6,11,1,"[[0,0,0,0.5,1],[1,0,1,0.5,1]]"
100,4,6,12,1,"[[0,0,0,0.5,1],[1,0,1,0.5,0]]"
101,4,6,13,1,"[[0,0,0,0.5,1],[1,0,1,0.5,2]]"
102,4,6,14,1,"[[0,0,0,0.5,1],[1,0,1,0.5,1]]"
103,4,7,8,1,"[[0,0,1,0.5,3],[0,0,1,0.5,4]]"
104,4,7,9,-1,"[[0,0,1,0.5,3],[0,0,1,0.5,2]]"
105,4,7,10,0,"[[0,0,1,0.5,3],[0,0,1,0.5,3]]"
106,4,7,11,1,"[[0,0,1,0.5,3],[1,0,1,0.5,1]]"
107,4,7,12,1,"[[0,0,1,0.5,3],[1,0,1,0.5,0]]"
108,4,7,13,1,"[[0,0,1,0.5,3],[1,0,1,0.5,2]]"
109,4,7,14,1,"[[0,0,1,0.5,3],[1,0,1,0.5,1]]"
110,4,8,9,-1,"[[0,0,1,0.5,4],[0,0,1,0.5,2]]"
111,4,8,10,-1,"[[0,0,1,0.5,4],[0,0,1,0.5,3]]"
112,4,8,11,1,"[[0,0,1,0.5,4],[1,0,1,0.5,1]]"
113,4,8,12,1,"[[0,0,1,0.5,4],[1,0,1,0.5,0]]"
114,4,8,13,1,"[[0,0,1,0.5,4],[1,0,1,0.5,2]]"
115,4,8,14,1,"[[0,0,1,0.5,4],[1,0,1,0.5,1]]"
116,4,9,10,1,"[[0,0,1,0.5,2],[0,0,1,0.5,3]]"
117,4,9,11,1,"[[0,0,1,0.5,2],[1,0,1,0.5,1]]"
118,4,9,12,1,"[[0,0,1,0.5,2],[1,0,1,0.5,0]]"
119,4,9,13,1,"[[0,0,1,0.5,2],[1,0,1,0.5,2]]"
120,4,9,14,1,"[[0,0,1,0.5,2],[1,0,1,0.5,1]]"
121,4,10,11,1,"[[0,0,1,0.5,3],[1,0,1,0.5,1]]"
122,4,10,12,1,"[[0,0,1,0.5,3],[1,0,1,0.5,0]]"
123,4,10,13,1,"[[0,0,1,0.5,3],[1,0,1,0.5,2]]"
124,4,10,14,1,"[[0,0,1,0.5,3],[1,0,1,0.5,1]]"
125,4,11,12,-1,"[[1,0,1,0.5,1],[1,0,1,0.5,0]]"
126,4,11,13,1,"[[1,0,1,0.5,1],[1,0,1,0.5,2]]"
127,4,11,14,0,"[[1,0,1,0.5,1],[1,0,1,0.5,1]]"
128,4,12,13,1,"[[1,0,1,0.5,0],[1,0,1,0.5,2]]"
129,4,12,14,1,"[[1,0,1,0.5,0],[1,0,1,0.5,1]]"
130,4,13,14,-1,"[[1,0,1,0.5,2],[1,0,1,0.5,1]]"
131,5,3,4,1,"[[0,0,0,0.5,1],[0,0,0,0.5,2]]"
132,5,3,6,0,"[[0,0,0,0.5,1],[0,0,0,0.5,1]]"
133,5,3,7,1,"[[0,0,0,0.5,1],[0,0,1,0.5,3]]"
134,5,3,8,1,"[[0,0,0,0.5,1],[0,0,1,0.5,4]]"
135,5,3,9,1,"[[0,0,0,0.5,1],[0,0,1,0.5,4]]"
136,5,3,10,1,"[[0,0,0,0.5,1],[0,0,1,0.5,5]]"
137,5,3,11,1,"[[0,0,0,0.5,1],[1,0,1,0.5,1]]"
138,5,3,12,1,"[[0,0,0,0.5,1],[1,0,1,0.5,2]]"
139,5,3,13,1,"[[0,0,0,0.5,1],[1,0,1,0.5,0]]"
140,5,3,14,1,"[[0,0,0,0.5,1],[1,0,1,0.5,1]]"
141,5,4,6,-1,"[[0,0,0,0.5,2],[0,0,0,0.5,1]]"
142,5,4,7,1,"[[0,0,0,0.5,2],[0,0,1,0.5,3]]"
143,5,4,8,1,"[[0,0,0,0.5,2],[0,0,1,0.5,4]]"
144,5,4,9,1,"[[0,0,0,0.5,2],[0,0,1,0.5,4]]"
145,5,4,10,1,"[[0,0,0,0.5,2],[0,0,1,0.5,5]]"
146,5,4,11,1,"[[0,0,0,0.5,2],[1,0,1,0.5,1]]"
147,5,4,12,1,"[[0,0,0,0.5,2],[1,0,1,0.5,2]]"
148,5,4,13,1,"[[0,0,0,0.5,2],[1,0,1,0.5,0]]"
149,5,4,14,1,"[[0,0,0,0.5,2],[1,0,1,0.5,1]]"
150,5,6,7,1,"[[0,0,0,0.5,1],[0,0,1,0.5,3]]"
151,5,6,8,1,"[[0,0,0,0.5,1],[0,0,1,0.5,4]]"
152,5,6,9,1,"[[0,0,0,0.5,1],[0,0,1,0.5,4]]"
153,5,6,10,1,"[[0,0,0,0.5,1],[0,0,1,0.5,5]]"
154,5,6,11,1,"[[0,0,0,0.5,1],[1,0,1,0.5,1]]"
155,5,6,12,1,"[[0,0,0,0.5,1],[1,0,1,0.5,2]]"
156,5,6,13,1,"[[0,0,0,0.5,1],[1,0,1,0.5,0]]"
157,5,6,14,1,"[[0,0,0,0.5,1],[1,0,1,0.5,1]]"
158,5,7,8,1,"[[0,0,1,0.5,3],[0,0,1,0.5,4]]"
159,5,7,9,1,"[[0,0,1,0.5,3],[0,0,1,0.5,4]]"
160,5,7,10,1,"[[0,0,1,0.5,3],[0,0,1,0.5,5]]"
161,5,7,11,1,"[[0,0,1,0.5,3],[1,0,1,0.5,1]]"
162,5,7,12,1,"[[0,0,1,0.5,3],[1,0,1,0.5,2]]"
163,5,7,13,1,"[[0,0,1,0.5,3],[1,0,1,0.5,0]]"
164,5,7,14,1,"[[0,0,1,0.5,3],[1,0,1,0.5,1]]"
165,5,8,9,0,"[[0,0,1,0.5,4],[0,0,1,0.5,4]]"
166,5,8,10,1,"[[0,0,1,0.5,4],[0,0,1,0.5,5]]"
167,5,8,11,1,"[[0,0,1,0.5,4],[1,0,1,0.5,1]]"
168,5,8,12,1,"[[0,0,1,0.5,4],[1,0,1,0.5,2]]"
169,5,8,13,1,"[[0,0,1,0.5,4],[1,0,1,0.5,0]]"
170,5,8,14,1,"[[0,0,1,0.5,4],[1,0,1,0.5,1]]"
171,5,9,10,1,"[[0,0,1,0.5,4],[0,0,1,0.5,5]]"
172,5,9,11,1,"[[0,0,1,0.5,4],[1,0,1,0.5,1]]"
173,5,9,12,1,"[[0,0,1,0.5,4],[1,0,1,0.5,2]]"
174,5,9,13,1,"[[0,0,1,0.5,4],[1,0,1,0.5,0]]"
175,5,9,14,1,"[[0,0,1,0.5,4],[1,0,1,0.5,1]]"
176,5,10,11,1,"[[0,0,1,0.5,5],[1,0,1,0.5,1]]"
177,5,10,12,1,"[[0,0,1,0.5,5],[1,0,1,0.5,2]]"
178,5,10,13,1,"[[0,0,1,0.5,5],[1,0,1,0.5,0]]"
179,5,10,14,1,"[[0,0,1,0.5,5],[1,0,1,0.5,1]]"
180,5,11,12,1,"[[1,0,1,0.5,1],[1,0,1,0.5,2]]"
181,5,11,13,-1,"[[1,0,1,0.5,1],[1,0,1,0.5,0]]"
182,5,11,14,0,"[[1,0,1,0.5,1],[1,0,1,0.5,1]]"
183,5,12,13,-1,"[[1,0,1,0.5,2],[1,0,1,0.5,0]]"
184,5,12,14,-1,"[[1,0,1,0.5,2],[1,0,1,0.5,1]]"
185,5,13,14,1,"[[1,0,1,0.5,0],[1,0,1,0.5,1]]"
186,6,3,4,-1,"[[0,0,0,0.5,2],[0,0,0,0.5,1]]"
187,6,3,5,-1,"[[0,0,0,0.5,2],[0,0,0,0.5,1]]"
188,6,3,7,1,"[[0,0,0,0.5,2],[0,0,1,0.5,4]]"
189,6,3,8,1,"[[0,0,0,0.5,2],[0,0,1,0.5,5]]"
190,6,3,9,1,"[[0,0,0,0.5,2],[0,0,1,0.5,3]]"
191,6,3,10,1,"[[0,0,0,0.5,2],[0,0,1,0.5,4]]"
192,6,3,11,1,"[[0,0,0,0.5,2],[1,0,1,0.5,2]]"
193,6,3,12,1,"[[0,0,0,0.5,2],[1,0,1,0.5,1]]"
194,6,3,13,1,"[[0,0,0,0.5,2],[1,0,1,0.5,1]]"
195,6,3,14,1,"[[0,0,0,0.5,2],[1,0,1,0.5,0]]"
196,6,4,5,0,"[[0,0,0,0.5,1],[0,0,0,0.5,1]]"
197,6,4,7,1,"[[0,0,0,0.5,1],[0,0,1,0.5,4]]"
198,6,4,8,1,"[[0,0,0,0.5,1],[0,0,1,0.5,5]]"
199,6,4,9,1,"[[0,0,0,0.5,1],[0,0,1,0.5,3]]"
200,6,4,10,1,"[[0,0,0,0.5,1],[0,0,1,0.5,4]]"
201,6,4,11,1,"[[0,0,0,0.5,1],[1,0,1,0.5,2]]"
202,6,4,12,1,"[[0,0,0,0.5,1],[1,0,1,0.5,1]]"
203,6,4,13,1,"[[0,0,0,0.5,1],[1,0,1,0.5,1]]"
204,6,4,14,1,"[[0,0,0,0.5,1],[1,0,1,0.5,0]]"
205,6,5,7,1,"[[0,0,0,0.5,1],[0,0,1,0.5,4]]"
206,6,5,8,1,"[[0,0,0,0.5,1],[0,0,1,0.5,5]]"
207,6,5,9,1,"[[0,0,0,0.5,1],[0,0,1,0.5,3]]"
208,6,5,10,1,"[[0,0,0,0.5,1],[0,0,1,0.5,4]]"
209,6,5,11,1,"[[0,0,0,0.5,1],[1,0,1,0.5,2]]"
210,6,5,12,1,"[[0,0,0,0.5,1],[1,0,1,0.5,1]]"
211,6,5,13,1,"[[0,0,0,0.5,1],[1,0,1,0.5,1]]"
212,6,5,14,1,"[[0,0,0,0.5,1],[1,0,1,0.5,0]]"
213,6,7,8,1,"[[0,0,1,0.5,4],[0,0,1,0.5,5]]"
214,6,7,9,-1,"[[0,0,1,0.5,4],[0,0,1,0.5,3]]"
215,6,7,10,0,"[[0,0,1,0.5,4],[0,0,1,0.5,4]]"
216,6,7,11,1,"[[0,0,1,0.5,4],[1,0,1,0.5,2]]"
217,6,7,12,1,"[[0,0,1,0.5,4],[1,0,1,0.5,1]]"
218,6,7,13,1,"[[0,0,1,0.5,4],[1,0,1,0.5,1]]"
219,6,7,14,1,"[[0,0,1,0.5,4],[1,0,1,0.5,0]]"
220,6,8,9,-1,"[[0,0,1,0.5,5],[0,0,1,0.5,3]]"
221,6,8,10,-1,"[[0,0,1,0.5,5],[0,0,1,0.5,4]]"
222,6,8,11,1,"[[0,0,1,0.5,5],[1,0,1,0.5,2]]"
223,6,8,12,1,"[[0,0,1,0.5,5],[1,0,1,0.5,1]]"
224,6,8,13,1,"[[0,0,1,0.5,5],[1,0,1,0.5,1]]"
225,6,8,14,1,"[[0,0,1,0.5,5],[1,0,1,0.5,0]]"
226,6,9,10,1,"[[0,0,1,0.5,3],[0,0,1,0.5,4]]"
227,6,9,11,1,"[[0,0,1,0.5,3],[1,0,1,0.5,2]]"
228,6,9,12,1,"[[0,0,1,0.5,3],[1,0,1,0.5,1]]"
229,6,9,13,1,"[[0,0,1,0.5,3],[1,0,1,0.5,1]]"
230,6,9,14,1,"[[0,0,1,0.5,3],[1,0,1,0.5,0]]"
231,6,10,11,1,"[[0,0,1,0.5,4],[1,0,1,0.5,2]]"
232,6,10,12,1,"[[0,0,1,0.5,4],[1,0,1,0.5,1]]"
233,6,10,13,1,"[[0,0,1,0.5,4],[1,0,1,0.5,1]]"
234,6,10,14,1,"[[0,0,1,0.5,4],[1,0,1,0.5,0]]"
235,6,11,12,-1,"[[1,0,1,0.5,2],[1,0,1,0.5,1]]"
236,6,11,13,-1,"[[1,0,1,0.5,2],[1,0,1,0.5,1]]"
237,6,11,14,-1,"[[1,0,1,0.5,2],[1,0,1,0.5,0]]"
238,6,12,13,0,"[[1,0,1,0.5,1],[1,0,1,0.5,1]]"
239,6,12,14,-1,"[[1,0,1,0.5,1],[1,0,1,0.5,0]]"
240,6,13,14,-1,"[[1,0,1,0.5,1],[1,0,1,0.5,0]]"
241,7,3,4,1,"[[0,0,1,0.5,2],[0,0,1,0.5,3]]"
242,7,3,5,1,"[[0,0,1,0.5,2],[0,0,1,0.5,3]]"
243,7,3,6,1,"[[0,0,1,0.5,2],[0,0,1,0.5,4]]"
244,7,3,8,-1,"[[0,0,1,0.5,2],[0,0,0,1,1]]"
245,7,3,9,-1,"[[0,0,1,0.5,2],[0,0,0,1,1]]"
246,7,3,10,-1,"[[0,0,1,0.5,2],[0,0,0,1,2]]"
247,7,3,11,1,"[[0,0,1,0.5,2],[1,0,0,1,2]]"
248,7,3,12,1,"[[0,0,1,0.5,2],[1,0,0,1,3]]"
249,7,3,13,1,"[[0,0,1,0.5,2],[1,0,0,1,3]]"
250,7,3,14,1,"[[0,0,1,0.5,2],[1,0,0,1,4]]"
251,7,4,5,0,"[[0,0,1,0.5,3],[0,0,1,0.5,3]]"
252,7,4,6,1,"[[0,0,1,0.5,3],[0,0,1,0.5,4]]"
253,7,4,8,-1,"[[0,0,1,0.5,3],[0,0,0,1,1]]"
254,7,4,9,-1,"[[0,0,1,0.5,3],[0,0,0,1,1]]"
255,7,4,10,-1,"[[0,0,1,0.5,3],[0,0,0,1,2]]"
256,7,4,11,1,"[[0,0,1,0.5,3],[1,0,0,1,2]]"
257,7,4,12,1,"[[0,0,1,0.5,3],[1,0,0,1,3]]"
258,7,4,13,1,"[[0,0,1,0.5,3],[1,0,0,1,3]]"
259,7,4,14,1,"[[0,0,1,0.5,3],[1,0,0,1,4]]"
260,7,5,6,1,"[[0,0,1,0.5,3],[0,0,1,0.5,4]]"
261,7,5,8,-1,"[[0,0,1,0.5,3],[0,0,0,1,1]]"
262,7,5,9,-1,"[[0,0,1,0.5,3],[0,0,0,1,1]]"
263,7,5,10,-1,"[[0,0,1,0.5,3],[0,0,0,1,2]]"
264,7,5,11,1,"[[0,0,1,0.5,3],[1,0,0,1,2]]"
265,7,5,12,1,"[[0,0,1,0.5,3],[1,0,0,1,3]]"
266,7,5,13,1,"[[0,0,1,0.5,3],[1,0,0,1,3]]"
267,7,5,14,1,"[[0,0,1,0.5,3],[1,0,0,1,4]]"
268,7,6,8,-1,"[[0,0,1,0.5,4],[0,0,0,1,1]]"
269,7,6,9,-1,"[[0,0,1,0.5,4],[0,0,0,1,1]]"
270,7,6,10,-1,"[[0,0,1,0.5,4],[0,0,0,1,2]]"
271,7,6,11,1,"[[0,0,1,0.5,4],[1,0,0,1,2]]"
272,7,6,12,1,"[[0,0,1,0.5,4],[1,0,0,1,3]]"
273,7,6,13,1,"[[0,0,1,0.5,4],[1,0,0,1,3]]"
274,7,6,14,1,"[[0,0,1,0.5,4],[1,0,0,1,4]]"
275,7,8,9,0,"[[0,0,0,1,1],[0,0,0,1,1]]"
276,7,8,10,1,"[[0,0,0,1,1],[0,0,0,1,2]]"
277,7,8,11,1,"[[0,0,0,1,1],[1,0,0,1,2]]"
278,7,8,12,1,"[[0,0,0,1,1],[1,0,0,1,3]]"
279,7,8,13,1,"[[0,0,0,1,1],[1,0,0,1,3]]"
280,7,8,14,1,"[[0,0,0,1,1],[1,0,0,1,4]]"
281,7,9,10,1,"[[0,0,0,1,1],[0,0,0,1,2]]"
282,7,9,11,1,"[[0,0,0,1,1],[1,0,0,1,2]]"
283,7,9,12,1,"[[0,0,0,1,1],[1,0,0,1,3]]"
284,7,9,13,1,"[[0,0,0,1,1],[1,0,0,1,3]]"
285,7,9,14,1,"[[0,0,0,1,1],[1,0,0,1,4]]"
286,7,10,11,1,"[[0,0,0,1,2],[1,0,0,1,2]]"
287,7,10,12,1,"[[0,0,0,1,2],[1,0,0,1,3]]"
288,7,10,13,1,"[[0,0,0,1,2],[1,0,0,1,3]]"
289,7,10,14,1,"[[0,0,0,1,2],[1,0,0,1,4]]"
290,7,11,12,1,"[[1,0,0,1,2],[1,0,0,1,3]]"
291,7,11,13,1,"[[1,0,0,1,2],[1,0,0,1,3]]"
292,7,11,14,1,"[[1,0,0,1,2],[1,0,0,1,4]]"
293,7,12,13,0,"[[1,0,0,1,3],[1,0,0,1,3]]"
294,7,12,14,1,"[[1,0,0,1,3],[1,0,0,1,4]]"
295,7,13,14,1,"[[1,0,0,1,3],[1,0,0,1,4]]"
296,8,3,4,1,"[[0,0,1,0.5,3],[0,0,1,0.5,4]]"
297,8,3,5,1,"[[0,0,1,0.5,3],[0,0,1,0.5,4]]"
298,8,3,6,1,"[[0,0,1,0.5,3],[0,0,1,0.5,5]]"
299,8,3,7,-1,"[[0,0,1,0.5,3],[0,0,0,1,1]]"
300,8,3,9,-1,"[[0,0,1,0.5,3],[0,0,0,1,2]]"
301,8,3,10,-1,"[[0,0,1,0.5,3],[0,0,0,1,1]]"
302,8,3,11,1,"[[0,0,1,0.5,3],[1,0,0,1,3]]"
303,8,3,12,1,"[[0,0,1,0.5,3],[1,0,0,1,4]]"
304,8,3,13,1,"[[0,0,1,0.5,3],[1,0,0,1,4]]"
305,8,3,14,1,"[[0,0,1,0.5,3],[1,0,0,1,5]]"
306,8,4,5,0,"[[0,0,1,0.5,4],[0,0,1,0.5,4]]"
307,8,4,6,1,"[[0,0,1,0.5,4],[0,0,1,0.5,5]]"
308,8,4,7,-1,"[[0,0,1,0.5,4],[0,0,0,1,1]]"
309,8,4,9,-1,"[[0,0,1,0.5,4],[0,0,0,1,2]]"
310,8,4,10,-1,"[[0,0,1,0.5,4],[0,0,0,1,1]]"
311,8,4,11,1,"[[0,0,1,0.5,4],[1,0,0,1,3]]"
312,8,4,12,1,"[[0,0,1,0.5,4],[1,0,0,1,4]]"
313,8,4,13,1,"[[0,0,1,0.5,4],[1,0,0,1,4]]"
314,8,4,14,1,"[[0,0,1,0.5,4],[1,0,0,1,5]]"
315,8,5,6,1,"[[0,0,1,0.5,4],[0,0,1,0.5,5]]"
316,8,5,7,-1,"[[0,0,1,0.5,4],[0,0,0,1,1]]"
317,8,5,9,-1,"[[0,0,1,0.5,4],[0,0,0,1,2]]"
318,8,5,10,-1,"[[0,0,1,0.5,4],[0,0,0,1,1]]"
319,8,5,11,1,"[[0,0,1,0.5,4],[1,0,0,1,3]]"
320,8,5,12,1,"[[0,0,1,0.5,4],[1,0,0,1,4]]"
321,8,5,13,1,"[[0,0,1,0.5,4],[1,0,0,1,4]]"
322,8,5,14,1,"[[0,0,1,0.5,4],[1,0,0,1,5]]"
323,8,6,7,-1,"[[0,0,1,0.5,5],[0,0,0,1,1]]"
324,8,6,9,-1,"[[0,0,1,0.5,5],[0,0,0,1,2]]"
325,8,6,10,-1,"[[0,0,1,0.5,5],[0,0,0,1,1]]"
326,8,6,11,1,"[[0,0,1,0.5,5],[1,0,0,1,3]]"
327,8,6,12,1,"[[0,0,1,0.5,5],[1,0,0,1,4]]"
328,8,6,13,1,"[[0,0,1,0.5,5],[1,0,0,1,4]]"
329,8,6,14,1,"[[0,0,1,0.5,5],[1,0,0,1,5]]"
330,8,7,9,1,"[[0,0,0,1,1],[0,0,0,1,2]]"
331,8,7,10,0,"[[0,0,0,1,1],[0,0,0,1,1]]"
332,8,7,11,1,"[[0,0,0,1,1],[1,0,0,1,3]]"
333,8,7,12,1,"[[0,0,0,1,1],[1,0,0,1,4]]"
334,8,7,13,1,"[[0,0,0,1,1],[1,0,0,1,4]]"
335,8,7,14,1,"[[0,0,0,1,1],[1,0,0,1,5]]"
336,8,9,10,-1,"[[0,0,0,1,2],[0,0,0,1,1]]"
337,8,9,11,1,"[[0,0,0,1,2],[1,0,0,1,3]]"
338,8,9,12,1,"[[0,0,0,1,2],[1,0,0,1,4]]"
339,8,9,13,1,"[[0,0,0,1,2],[1,0,0,1,4]]"
340,8,9,14,1,"[[0,0,0,1,2],[1,0,0,1,5]]"
341,8,10,11,1,"[[0,0,0,1,1],[1,0,0,1,3]]"
342,8,10,12,1,"[[0,0,0,1,1],[1,0,0,1,4]]"
343,8,10,13,1,"[[0,0,0,1,1],[1,0,0,1,4]]"
344,8,10,14,1,"[[0,0,0,1,1],[1,0,0,1,5]]"
345,8,11,12,1,"[[1,0,0,1,3],[1,0,0,1,4]]"
346,8,11,13,1,"[[1,0,0,1,3],[1,0,0,1,4]]"
347,8,11,14,1,"[[1,0,0,1,3],[1,0,0,1,5]]"
348,8,12,13,0,"[[1,0,0,1,4],[1,0,0,1,4]]"
349,8,12,14,1,"[[1,0,0,1,4],[1,0,0,1,5]]"
350,8,13,14,1,"[[1,0,0,1,4],[1,0,0,1,5]]"
351,9,3,4,-1,"[[0,0,1,0.5,3],[0,0,1,0.5,2]]"
352,9,3,5,1,"[[0,0,1,0.5,3],[0,0,1,0.5,4]]"
353,9,3,6,0,"[[0,0,1,0.5,3],[0,0,1,0.5,3]]"
354,9,3,7,-1,"[[0,0,1,0.5,3],[0,0,0,1,1]]"
355,9,3,8,-1,"[[0,0,1,0.5,3],[0,0,0,1,2]]"
356,9,3,10,-1,"[[0,0,1,0.5,3],[0,0,0,1,1]]"
357,9,3,11,1,"[[0,0,1,0.5,3],[1,0,0,1,3]]"
358,9,3,12,1,"[[0,0,1,0.5,3],[1,0,0,1,2]]"
359,9,3,13,1,"[[0,0,1,0.5,3],[1,0,0,1,4]]"
360,9,3,14,1,"[[0,0,1,0.5,3],[1,0,0,1,3]]"
361,9,4,5,1,"[[0,0,1,0.5,2],[0,0,1,0.5,4]]"
362,9,4,6,1,"[[0,0,1,0.5,2],[0,0,1,0.5,3]]"
363,9,4,7,-1,"[[0,0,1,0.5,2],[0,0,0,1,1]]"
364,9,4,8,-1,"[[0,0,1,0.5,2],[0,0,0,1,2]]"
365,9,4,10,-1,"[[0,0,1,0.5,2],[0,0,0,1,1]]"
366,9,4,11,1,"[[0,0,1,0.5,2],[1,0,0,1,3]]"
367,9,4,12,1,"[[0,0,1,0.5,2],[1,0,0,1,2]]"
368,9,4,13,1,"[[0,0,1,0.5,2],[1,0,0,1,4]]"
369,9,4,14,1,"[[0,0,1,0.5,2],[1,0,0,1,3]]"
370,9,5,6,-1,"[[0,0,1,0.5,4],[0,0,1,0.5,3]]"
371,9,5,7,-1,"[[0,0,1,0.5,4],[0,0,0,1,1]]"
372,9,5,8,-1,"[[0,0,1,0.5,4],[0,0,0,1,2]]"
373,9,5,10,-1,"[[0,0,1,0.5,4],[0,0,0,1,1]]"
374,9,5,11,1,"[[0,0,1,0.5,4],[1,0,0,1,3]]"
375,9,5,12,1,"[[0,0,1,0.5,4],[1,0,0,1,2]]"
376,9,5,13,1,"[[0,0,1,0.5,4],[1,0,0,1,4]]"
377,9,5,14,1,"[[0,0,1,0.5,4],[1,0,0,1,3]]"
378,9,6,7,-1,"[[0,0,1,0.5,3],[0,0,0,1,1]]"
379,9,6,8,-1,"[[0,0,1,0.5,3],[0,0,0,1,2]]"
380,9,6,10,-1,"[[0,0,1,0.5,3],[0,0,0,1,1]]"
381,9,6,11,1,"[[0,0,1,0.5,3],[1,0,0,1,3]]"
382,9,6,12,1,"[[0,0,1,0.5,3],[1,0,0,1,2]]"
383,9,6,13,1,"[[0,0,1,0.5,3],[1,0,0,1,4]]"
384,9,6,14,1,"[[0,0,1,0.5,3],[1,0,0,1,3]]"
385,9,7,8,1,"[[0,0,0,1,1],[0,0,0,1,2]]"
386,9,7,10,0,"[[0,0,0,1,1],[0,0,0,1,1]]"
387,9,7,11,1,"[[0,0,0,1,1],[1,0,0,1,3]]"
388,9,7,12,1,"[[0,0,0,1,1],[1,0,0,1,2]]"
389,9,7,13,1,"[[0,0,0,1,1],[1,0,0,1,4]]"
390,9,7,14,1,"[[0,0,0,1,1],[1,0,0,1,3]]"
391,9,8,10,-1,"[[0,0,0,1,2],[0,0,0,1,1]]"
392,9,8,11,1,"[[0,0,0,1,2],[1,0,0,1,3]]"
393,9,8,12,1,"[[0,0,0,1,2],[1,0,0,1,2]]"
394,9,8,13,1,"[[0,0,0,1,2],[1,0,0,1,4]]"
395,9,8,14,1,"[[0,0,0,1,2],[1,0,0,1,3]]"
396,9,10,11,1,"[[0,0,0,1,1],[1,0,0,1,3]]"
397,9,10,12,1,"[[0,0,0,1,1],[1,0,0,1,2]]"
398,9,10,13,1,"[[0,0,0,1,1],[1,0,0,1,4]]"
399,9,10,14,1,"[[0,0,0,1,1],[1,0,0,1,3]]"
400,9,11,12,-1,"[[1,0,0,1,3],[1,0,0,1,2]]"
401,9,11,13,1,"[[1,0,0,1,3],[1,0,0,1,4]]"
402,9,11,14,0,"[[1,0,0,1,3],[1,0,0,1,3]]"
403,9,12,13,1,"[[1,0,0,1,2],[1,0,0,1,4]]"
404,9,12,14,1,"[[1,0,0,1,2],[1,0,0,1,3]]"
405,9,13,14,-1,"[[1,0,0,1,4],[1,0,0,1,3]]"
406,10,3,4,-1,"[[0,0,1,0.5,4],[0,0,1,0.5,3]]"
407,10,3,5,1,"[[0,0,1,0.5,4],[0,0,1,0.5,5]]"
408,10,3,6,0,"[[0,0,1,0.5,4],[0,0,1,0.5,4]]"
409,10,3,7,-1,"[[0,0,1,0.5,4],[0,0,0,1,2]]"
410,10,3,8,-1,"[[0,0,1,0.5,4],[0,0,0,1,1]]"
411,10,3,9,-1,"[[0,0,1,0.5,4],[0,0,0,1,1]]"
412,10,3,11,1,"[[0,0,1,0.5,4],[1,0,0,1,4]]"
413,10,3,12,1,"[[0,0,1,0.5,4],[1,0,0,1,3]]"
414,10,3,13,1,"[[0,0,1,0.5,4],[1,0,0,1,5]]"
415,10,3,14,1,"[[0,0,1,0.5,4],[1,0,0,1,4]]"
416,10,4,5,1,"[[0,0,1,0.5,3],[0,0,1,0.5,5]]"
417,10,4,6,1,"[[0,0,1,0.5,3],[0,0,1,0.5,4]]"
418,10,4,7,-1,"[[0,0,1,0.5,3],[0,0,0,1,2]]"
419,10,4,8,-1,"[[0,0,1,0.5,3],[0,0,0,1,1]]"
420,10,4,9,-1,"[[0,0,1,0.5,3],[0,0,0,1,1]]"
421,10,4,11,1,"[[0,0,1,0.5,3],[1,0,0,1,4]]"
422,10,4,12,1,"[[0,0,1,0.5,3],[1,0,0,1,3]]"
423,10,4,13,1,"[[0,0,1,0.5,3],[1,0,0,1,5]]"
424,10,4,14,1,"[[0,0,1,0.5,3],[1,0,0,1,4]]"
425,10,5,6,-1,"[[0,0,1,0.5,5],[0,0,1,0.5,4]]"
426,10,5,7,-1,"[[0,0,1,0.5,5],[0,0,0,1,2]]"
427,10,5,8,-1,"[[0,0,1,0.5,5],[0,0,0,1,1]]"
428,10,5,9,-1,"[[0,0,1,0.5,5],[0,0,0,1,1]]"
429,10,5,11,1,"[[0,0,1,0.5,5],[1,0,0,1,4]]"
430,10,5,12,1,"[[0,0,1,0.5,5],[1,0,0,1,3]]"
431,10,5,13,1,"[[0,0,1,0.5,5],[1,0,0,1,5]]"
432,10,5,14,1,"[[0,0,1,0.5,5],[1,0,0,1,4]]"
433,10,6,7,-1,"[[0,0,1,0.5,4],[0,0,0,1,2]]"
434,10,6,8,-1,"[[0,0,1,0.5,4],[0,0,0,1,1]]"
435,10,6,9,-1,"[[0,0,1,0.5,4],[0,0,0,1,1]]"
436,10,6,11,1,"[[0,0,1,0.5,4],[1,0,0,1,4]]"
437,10,6,12,1,"[[0,0,1,0.5,4],[1,0,0,1,3]]"
438,10,6,13,1,"[[0,0,1,0.5,4],[1,0,0,1,5]]"
439,10,6,14,1,"[[0,0,1,0.5,4],[1,0,0,1,4]]"
440,10,7,8,-1,"[[0,0,0,1,2],[0,0,0,1,1]]"
441,10,7,9,-1,"[[0,0,0,1,2],[0,0,0,1,1]]"
442,10,7,11,1,"[[0,0,0,1,2],[1,0,0,1,4]]"
443,10,7,12,1,"[[0,0,0,1,2],[1,0,0,1,3]]"
444,10,7,13,1,"[[0,0,0,1,2],[1,0,0,1,5]]"
445,10,7,14,1,"[[0,0,0,1,2],[1,0,0,1,4]]"
446,10,8,9,0,"[[0,0,0,1,1],[0,0,0,1,1]]"
447,10,8,11,1,"[[0,0,0,1,1],[1,0,0,1,4]]"
448,10,8,12,1,"[[0,0,0,1,1],[1,0,0,1,3]]"
449,10,8,13,1,"[[0,0,0,1,1],[1,0,0,1,5]]"
450,10,8,14,1,"[[0,0,0,1,1],[1,0,0,1,4]]"
451,10,9,11,1,"[[0,0,0,1,1],[1,0,0,1,4]]"
452,10,9,12,1,"[[0,0,0,1,1],[1,0,0,1,3]]"
453,10,9,13,1,"[[0,0,0,1,1],[1,0,0,1,5]]"
454,10,9,14,1,"[[0,0,0,1,1],[1,0,0,1,4]]"
455,10,11,12,-1,"[[1,0,0,1,4],[1,0,0,1,3]]"
456,10,11,13,1,"[[1,0,0,1,4],[1,0,0,1,5]]"
457,10,11,14,0,"[[1,0,0,1,4],[1,0,0,1,4]]"
458,10,12,13,1,"[[1,0,0,1,3],[1,0,0,1,5]]"
459,10,12,14,1,"[[1,0,0,1,3],[1,0,0,1,4]]"
460,10,13,14,-1,"[[1,0,0,1,5],[1,0,0,1,4]]"
461,11,1,2,1,"[[1,0,0,1,1],[1,0,0,1,2]]"
462,11,1,3,1,"[[1,0,0,1,1],[1,0,1,0.5,0]]"
463,11,1,4,1,"[[1,0,0,1,1],[1,0,1,0.5,1]]"
464,11,1,5,1,"[[1,0,0,1,1],[1,0,1,0.5,1]]"
465,11,1,6,1,"[[1,0,0,1,1],[1,0,1,0.5,2]]"
466,11,1,7,1,"[[1,0,0,1,1],[1,0,0,1,2]]"
467,11,1,8,1,"[[1,0,0,1,1],[1,0,0,1,3]]"
468,11,1,9,1,"[[1,0,0,1,1],[1,0,0,1,3]]"
469,11,1,10,1,"[[1,0,0,1,1],[1,0,0,1,4]]"
470,11,1,12,-1,"[[1,0,0,1,1],[0,0,0,1,1]]"
471,11,1,13,-1,"[[1,0,0,1,1],[0,0,0,1,1]]"
472,11,1,14,-1,"[[1,0,0,1,1],[0,0,0,1,2]]"
473,11,2,3,1,"[[1,0,0,1,2],[1,0,1,0.5,0]]"
474,11,2,4,1,"[[1,0,0,1,2],[1,0,1,0.5,1]]"
475,11,2,5,1,"[[1,0,0,1,2],[1,0,1,0.5,1]]"
476,11,2,6,1,"[[1,0,0,1,2],[1,0,1,0.5,2]]"
477,11,2,7,0,"[[1,0,0,1,2],[1,0,0,1,2]]"
478,11,2,8,1,"[[1,0,0,1,2],[1,0,0,1,3]]"
479,11,2,9,1,"[[1,0,0,1,2],[1,0,0,1,3]]"
480,11,2,10,1,"[[1,0,0,1,2],[1,0,0,1,4]]"
481,11,2,12,-1,"[[1,0,0,1,2],[0,0,0,1,1]]"
482,11,2,13,-1,"[[1,0,0,1,2],[0,0,0,1,1]]"
483,11,2,14,-1,"[[1,0,0,1,2],[0,0,0,1,2]]"
484,11,3,4,1,"[[1,0,1,0.5,0],[1,0,1,0.5,1]]"
485,11,3,5,1,"[[1,0,1,0.5,0],[1,0,1,0.5,1]]"
486,11,3,6,1,"[[1,0,1,0.5,0],[1,0,1,0.5,2]]"
487,11,3,7,-1,"[[1,0,1,0.5,0],[1,0,0,1,2]]"
488,11,3,8,-1,"[[1,0,1,0.5,0],[1,0,0,1,3]]"
489,11,3,9,-1,"[[1,0,1,0.5,0],[1,0,0,1,3]]"
490,11,3,10,-1,"[[1,0,1,0.5,0],[1,0,0,1,4]]"
491,11,3,12,-1,"[[1,0,1,0.5,0],[0,0,0,1,1]]"
492,11,3,13,-1,"[[1,0,1,0.5,0],[0,0,0,1,1]]"
493,11,3,14,-1,"[[1,0,1,0.5,0],[0,0,0,1,2]]"
494,11,4,5,0,"[[1,0,1,0.5,1],[1,0,1,0.5,1]]"
495,11,4,6,1,"[[1,0,1,0.5,1],[1,0,1,0.5,2]]"
496,11,4,7,-1,"[[1,0,1,0.5,1],[1,0,0,1,2]]"
497,11,4,8,-1,"[[1,0,1,0.5,1],[1,0,0,1,3]]"
498,11,4,9,-1,"[[1,0,1,0.5,1],[1,0,0,1,3]]"
499,11,4,10,-1,"[[1,0,1,0.5,1],[1,0,0,1,4]]"
500,11,4,12,-1,"[[1,0,1,0.5,1],[0,0,0,1,1]]"
501,11,4,13,-1,"[[1,0,1,0.5,1],[0,0,0,1,1]]"
502,11,4,14,-1,"[[1,0,1,0.5,1],[0,0,0,1,2]]"
503,11,5,6,1,"[[1,0,1,0.5,1],[1,0,1,0.5,2]]"
504,11,5,7,-1,"[[1,0,1,0.5,1],[1,0,0,1,2]]"
505,11,5,8,-1,"[[1,0,1,0.5,1],[1,0,0,1,3]]"
506,11,5,9,-1,"[[1,0,1,0.5,1],[1,0,0,1,3]]"
507,11,5,10,-1,"[[1,0,1,0.5,1],[1,0,0,1,4]]"
508,11,5,12,-1,"[[1,0,1,0.5,1],[0,0,0,1,1]]"
509,11,5,13,-1,"[[1,0,1,0.5,1],[0,0,0,1,1]]"
510,11,5,14,-1,"[[1,0,1,0.5,1],[0,0,0,1,2]]"
511,11,6,7,-1,"[[1,0,1,0.5,2],[1,0,0,1,2]]"
512,11,6,8,-1,"[[1,0,1,0.5,2],[1,0,0,1,3]]"
513,11,6,9,-1,"[[1,0,1,0.5,2],[1,0,0,1,3]]"
514,11,6,10,-1,"[[1,0,1,0.5,2],[1,0,0,1,4]]"
515,11,6,12,-1,"[[1,0,1,0.5,2],[0,0,0,1,1]]"
516,11,6,13,-1,"[[1,0,1,0.5,2],[0,0,0,1,1]]"
517,11,6,14,-1,"[[1,0,1,0.5,2],[0,0,0,1,2]]"
518,11,7,8,1,"[[1,0,0,1,2],[1,0,0,1,3]]"
519,11,7,9,1,"[[1,0,0,1,2],[1,0,0,1,3]]"
520,11,7,10,1,"[[1,0,0,1,2],[1,0,0,1,4]]"
521,11,7,12,-1,"[[1,0,0,1,2],[0,0,0,1,1]]"
522,11,7,13,-1,"[[1,0,0,1,2],[0,0,0,1,1]]"
523,11,7,14,-1,"[[1,0,0,1,2],[0,0,0,1,2]]"
524,11,8,9,0,"[[1,0,0,1,3],[1,0,0,1,3]]"
525,11,8,10,1,"[[1,0,0,1,3],[1,0,0,1,4]]"
526,11,8,12,-1,"[[1,0,0,1,3],[0,0,0,1,1]]"
527,11,8,13,-1,"[[1,0,0,1,3],[0,0,0,1,1]]"
528,11,8,14,-1,"[[1,0,0,1,3],[0,0,0,1,2]]"
529,11,9,10,1,"[[1,0,0,1,3],[1,0,0,1,4]]"
530,11,9,12,-1,"[[1,0,0,1,3],[0,0,0,1,1]]"
531,11,9,13,-1,"[[1,0,0,1,3],[0,0,0,1,1]]"
532,11,9,14,-1,"[[1,0,0,1,3],[0,0,0,1,2]]"
533,11,10,12,-1,"[[1,0,0,1,4],[0,0,0,1,1]]"
534,11,10,13,-1,"[[1,0,0,1,4],[0,0,0,1,1]]"
535,11,10,14,-1,"[[1,0,0,1,4],[0,0,0,1,2]]"
536,11,12,13,0,"[[0,0,0,1,1],[0,0,0,1,1]]"
537,11,12,14,1,"[[0,0,0,1,1],[0,0,0,1,2]]"
538,11,13,14,1,"[[0,0,0,1,1],[0,0,0,1,2]]"
539,12,1,2,-1,"[[1,0,0,1,2],[1,0,0,1,1]]"
540,12,1,3,1,"[[1,0,0,1,2],[1,0,1,0.5,1]]"
541,12,1,4,1,"[[1,0,0,1,2],[1,0,1,0.5,0]]"
542,12,1,5,1,"[[1,0,0,1,2],[1,0,1,0.5,2]]"
543,12,1,6,1,"[[1,0,0,1,2],[1,0,1,0.5,1]]"
544,12,1,7,1,"[[1,0,0,1,2],[1,0,0,1,3]]"
545,12,1,8,1,"[[1,0,0,1,2],[1,0,0,1,4]]"
546,12,1,9,0,"[[1,0,0,1,2],[1,0,0,1,2]]"
547,12,1,10,1,"[[1,0,0,1,2],[1,0,0,1,3]]"
548,12,1,11,-1,"[[1,0,0,1,2],[0,0,0,1,1]]"
549,12,1,13,-1,"[[1,0,0,1,2],[0,0,0,1,2]]"
550,12,1,14,-1,"[[1,0,0,1,2],[0,0,0,1,1]]"
551,12,2,3,1,"[[1,0,0,1,1],[1,0,1,0.5,1]]"
552,12,2,4,1,"[[1,0,0,1,1],[1,0,1,0.5,0]]"
553,12,2,5,1,"[[1,0,0,1,1],[1,0,1,0.5,2]]"
554,12,2,6,1,"[[1,0,0,1,1],[1,0,1,0.5,1]]"
555,12,2,7,1,"[[1,0,0,1,1],[1,0,0,1,3]]"
556,12,2,8,1,"[[1,0,0,1,1],[1,0,0,1,4]]"
557,12,2,9,1,"[[1,0,0,1,1],[1,0,0,1,2]]"
558,12,2,10,1,"[[1,0,0,1,1],[1,0,0,1,3]]"
559,12,2,11,-1,"[[1,0,0,1,1],[0,0,0,1,1]]"
560,12,2,13,-1,"[[1,0,0,1,1],[0,0,0,1,2]]"
561,12,2,14,-1,"[[1,0,0,1,1],[0,0,0,1,1]]"
562,12,3,4,-1,"[[1,0,1,0.5,1],[1,0,1,0.5,0]]"
563,12,3,5,1,"[[1,0,1,0.5,1],[1,0,1,0.5,2]]"
564,12,3,6,0,"[[1,0,1,0.5,1],[1,0,1,0.5,1]]"
565,12,3,7,-1,"[[1,0,1,0.5,1],[1,0,0,1,3]]"
566,12,3,8,-1,"[[1,0,1,0.5,1],[1,0,0,1,4]]"
567,12,3,9,-1,"[[1,0,1,0.5,1],[1,0,0,1,2]]"
568,12,3,10,-1,"[[1,0,1,0.5,1],[1,0,0,1,3]]"
569,12,3,11,-1,"[[1,0,1,0.5,1],[0,0,0,1,1]]"
570,12,3,13,-1,"[[1,0,1,0.5,1],[0,0,0,1,2]]"
571,12,3,14,-1,"[[1,0,1,0.5,1],[0,0,0,1,1]]"
572,12,4,5,1,"[[1,0,1,0.5,0],[1,0,1,0.5,2]]"
573,12,4,6,1,"[[1,0,1,0.5,0],[1,0,1,0.5,1]]"
574,12,4,7,-1,"[[1,0,1,0.5,0],[1,0,0,1,3]]"
575,12,4,8,-1,"[[1,0,1,0.5,0],[1,0,0,1,4]]"
576,12,4,9,-1,"[[1,0,1,0.5,0],[1,0,0,1,2]]"
577,12,4,10,-1,"[[1,0,1,0.5,0],[1,0,0,1,3]]"
578,12,4,11,-1,"[[1,0,1,0.5,0],[0,0,0,1,1]]"
579,12,4,13,-1,"[[1,0,1,0.5,0],[0,0,0,1,2]]"
580,12,4,14,-1,"[[1,0,1,0.5,0],[0,0,0,1,1]]"
581,12,5,6,-1,"[[1,0,1,0.5,2],[1,0,1,0.5,1]]"
582,12,5,7,-1,"[[1,0,1,0.5,2],[1,0,0,1,3]]"
583,12,5,8,-1,"[[1,0,1,0.5,2],[1,0,0,1,4]]"
584,12,5,9,-1,"[[1,0,1,0.5,2],[1,0,0,1,2]]"
585,12,5,10,-1,"[[1,0,1,0.5,2],[1,0,0,1,3]]"
586,12,5,11,-1,"[[1,0,1,0.5,2],[0,0,0,1,1]]"
587,12,5,13,-1,"[[1,0,1,0.5,2],[0,0,0,1,2]]"
588,12,5,14,-1,"[[1,0,1,0.5,2],[0,0,0,1,1]]"
589,12,6,7,-1,"[[1,0,1,0.5,1],[1,0,0,1,3]]"
590,12,6,8,-1,"[[1,0,1,0.5,1],[1,0,0,1,4]]"
591,12,6,9,-1,"[[1,0,1,0.5,1],[1,0,0,1,2]]"
592,12,6,10,-1,"[[1,0,1,0.5,1],[1,0,0,1,3]]"
593,12,6,11,-1,"[[1,0,1,0.5,1],[0,0,0,1,1]]"
594,12,6,13,-1,"[[1,0,1,0.5,1],[0,0,0,1,2]]"
595,12,6,14,-1,"[[1,0,1,0.5,1],[0,0,0,1,1]]"
596,12,7,8,1,"[[1,0,0,1,3],[1,0,0,1,4]]"
597,12,7,9,-1,"[[1,0,0,1,3],[1,0,0,1,2]]"
598,12,7,10,0,"[[1,0,0,1,3],[1,0,0,1,3]]"
599,12,7,11,-1,"[[1,0,0,1,3],[0,0,0,1,1]]"
600,12,7,13,-1,"[[1,0,0,1,3],[0,0,0,1,2]]"
601,12,7,14,-1,"[[1,0,0,1,3],[0,0,0,1,1]]"
602,12,8,9,-1,"[[1,0,0,1,4],[1,0,0,1,2]]"
603,12,8,10,-1,"[[1,0,0,1,4],[1,0,0,1,3]]"
604,12,8,11,-1,"[[1,0,0,1,4],[0,0,0,1,1]]"
605,12,8,13,-1,"[[1,0,0,1,4],[0,0,0,1,2]]"
606,12,8,14,-1,"[[1,0,0,1,4],[0,0,0,1,1]]"
607,12,9,10,1,"[[1,0,0,1,2],[1,0,0,1,3]]"
608,12,9,11,-1,"[[1,0,0,1,2],[0,0,0,1,1]]"
609,12,9,13,-1,"[[1,0,0,1,2],[0,0,0,1,2]]"
610,12,9,14,-1,"[[1,0,0,1,2],[0,0,0,1,1]]"
611,12,10,11,-1,"[[1,0,0,1,3],[0,0,0,1,1]]"
612,12,10,13,-1,"[[1,0,0,1,3],[0,0,0,1,2]]"
613,12,10,14,-1,"[[1,0,0,1,3],[0,0,0,1,1]]"
614,12,11,13,1,"[[0,0,0,1,1],[0,0,0,1,2]]"
615,12,11,14,0,"[[0,0,0,1,1],[0,0,0,1,1]]"
616,12,13,14,-1,"[[0,0,0,1,2],[0,0,0,1,1]]"
617,13,1,2,1,"[[1,0,0,1,2],[1,0,0,1,3]]"
618,13,1,3,1,"[[1,0,0,1,2],[1,0,1,0.5,1]]"
619,13,1,4,1,"[[1,0,0,1,2],[1,0,1,0.5,2]]"
620,13,1,5,1,"[[1,0,0,1,2],[1,0,1,0.5,0]]"
621,13,1,6,1,"[[1,0,0,1,2],[1,0,1,0.5,1]]"
622,13,1,7,1,"[[1,0,0,1,2],[1,0,0,1,3]]"
623,13,1,8,1,"[[1,0,0,1,2],[1,0,0,1,4]]"
624,13,1,9,1,"[[1,0,0,1,2],[1,0,0,1,4]]"
625,13,1,10,1,"[[1,0,0,1,2],[1,0,0,1,5]]"
626,13,1,11,-1,"[[1,0,0,1,2],[0,0,0,1,1]]"
627,13,1,12,-1,"[[1,0,0,1,2],[0,0,0,1,2]]"
628,13,1,14,-1,"[[1,0,0,1,2],[0,0,0,1,1]]"
629,13,2,3,1,"[[1,0,0,1,3],[1,0,1,0.5,1]]"
630,13,2,4,1,"[[1,0,0,1,3],[1,0,1,0.5,2]]"
631,13,2,5,1,"[[1,0,0,1,3],[1,0,1,0.5,0]]"
632,13,2,6,1,"[[1,0,0,1,3],[1,0,1,0.5,1]]"
633,13,2,7,0,"[[1,0,0,1,3],[1,0,0,1,3]]"
634,13,2,8,1,"[[1,0,0,1,3],[1,0,0,1,4]]"
635,13,2,9,1,"[[1,0,0,1,3],[1,0,0,1,4]]"
636,13,2,10,1,"[[1,0,0,1,3],[1,0,0,1,5]]"
637,13,2,11,-1,"[[1,0,0,1,3],[0,0,0,1,1]]"
638,13,2,12,-1,"[[1,0,0,1,3],[0,0,0,1,2]]"
639,13,2,14,-1,"[[1,0,0,1,3],[0,0,0,1,1]]"
640,13,3,4,1,"[[1,0,1,0.5,1],[1,0,1,0.5,2]]"
641,13,3,5,-1,"[[1,0,1,0.5,1],[1,0,1,0.5,0]]"
642,13,3,6,0,"[[1,0,1,0.5,1],[1,0,1,0.5,1]]"
643,13,3,7,-1,"[[1,0,1,0.5,1],[1,0,0,1,3]]"
644,13,3,8,-1,"[[1,0,1,0.5,1],[1,0,0,1,4]]"
645,13,3,9,-1,"[[1,0,1,0.5,1],[1,0,0,1,4]]"
646,13,3,10,-1,"[[1,0,1,0.5,1],[1,0,0,1,5]]"
647,13,3,11,-1,"[[1,0,1,0.5,1],[0,0,0,1,1]]"
648,13,3,12,-1,"[[1,0,1,0.5,1],[0,0,0,1,2]]"
649,13,3,14,-1,"[[1,0,1,0.5,1],[0,0,0,1,1]]"
650,13,4,5,-1,"[[1,0,1,0.5,2],[1,0,1,0.5,0]]"
651,13,4,6,-1,"[[1,0,1,0.5,2],[1,0,1,0.5,1]]"
652,13,4,7,-1,"[[1,0,1,0.5,2],[1,0,0,1,3]]"
653,13,4,8,-1,"[[1,0,1,0.5,2],[1,0,0,1,4]]"
654,13,4,9,-1,"[[1,0,1,0.5,2],[1,0,0,1,4]]"
655,13,4,10,-1,"[[1,0,1,0.5,2],[1,0,0,1,5]]"
656,13,4,11,-1,"[[1,0,1,0.5,2],[0,0,0,1,1]]"
657,13,4,12,-1,"[[1,0,1,0.5,2],[0,0,0,1,2]]"
658,13,4,14,-1,"[[1,0,1,0.5,2],[0,0,0,1,1]]"
659,13,5,6,1,"[[1,0,1,0.5,0],[1,0,1,0.5,1]]"
660,13,5,7,-1,"[[1,0,1,0.5,0],[1,0,0,1,3]]"
661,13,5,8,-1,"[[1,0,1,0.5,0],[1,0,0,1,4]]"
662,13,5,9,-1,"[[1,0,1,0.5,0],[1,0,0,1,4]]"
663,13,5,10,-1,"[[1,0,1,0.5,0],[1,0,0,1,5]]"
664,13,5,11,-1,"[[1,0,1,0.5,0],[0,0,0,1,1]]"
665,13,5,12,-1,"[[1,0,1,0.5,0],[0,0,0,1,2]]"
666,13,5,14,-1,"[[1,0,1,0.5,0],[0,0,0,1,1]]"
667,13,6,7,-1,"[[1,0,1,0.5,1],[1,0,0,1,3]]"
668,13,6,8,-1,"[[1,0,1,0.5,1],[1,0,0,1,4]]"
669,13,6,9,-1,"[[1,0,1,0.5,1],[1,0,0,1,4]]"
670,13,6,10,-1,"[[1,0,1,0.5,1],[1,0,0,1,5]]"
671,13,6,11,-1,"[[1,0,1,0.5,1],[0,0,0,1,1]]"
672,13,6,12,-1,"[[1,0,1,0.5,1],[0,0,0,1,2]]"
673,13,6,14,-1,"[[1,0,1,0.5,1],[0,0,0,1,1]]"
674,13,7,8,1,"[[1,0,0,1,3],[1,0,0,1,4]]"
675,13,7,9,1,"[[1,0,0,1,3],[1,0,0,1,4]]"
676,13,7,10,1,"[[1,0,0,1,3],[1,0,0,1,5]]"
677,13,7,11,-1,"[[1,0,0,1,3],[0,0,0,1,1]]"
678,13,7,12,-1,"[[1,0,0,1,3],[0,0,0,1,2]]"
679,13,7,14,-1,"[[1,0,0,1,3],[0,0,0,1,1]]"
680,13,8,9,0,"[[1,0,0,1,4],[1,0,0,1,4]]"
681,13,8,10,1,"[[1,0,0,1,4],[1,0,0,1,5]]"
682,13,8,11,-1,"[[1,0,0,1,4],[0,0,0,1,1]]"
683,13,8,12,-1,"[[1,0,0,1,4],[0,0,0,1,2]]"
684,13,8,14,-1,"[[1,0,0,1,4],[0,0,0,1,1]]"
685,13,9,10,1,"[[1,0,0,1,4],[1,0,0,1,5]]"
686,13,9,11,-1,"[[1,0,0,1,4],[0,0,0,1,1]]"
687,13,9,12,-1,"[[1,0,0,1,4],[0,0,0,1,2]]"
688,13,9,14,-1,"[[1,0,0,1,4],[0,0,0,1,1]]"
689,13,10,11,-1,"[[1,0,0,1,5],[0,0,0,1,1]]"
690,13,10,12,-1,"[[1,0,0,1,5],[0,0,0,1,2]]"
691,13,10,14,-1,"[[1,0,0,1,5],[0,0,0,1,1]]"
692,13,11,12,1,"[[0,0,0,1,1],[0,0,0,1,2]]"
693,13,11,14,0,"[[0,0,0,1,1],[0,0,0,1,1]]"
694,13,12,14,-1,"[[0,0,0,1,2],[0,0,0,1,1]]"
695,14,1,2,-1,"[[1,0,0,1,3],[1,0,0,1,2]]"
696,14,1,3,1,"[[1,0,0,1,3],[1,0,1,0.5,2]]"
697,14,1,4,1,"[[1,0,0,1,3],[1,0,1,0.5,1]]"
698,14,1,5,1,"[[1,0,0,1,3],[1,0,1,0.5,1]]"
699,14,1,6,1,"[[1,0,0,1,3],[1,0,1,0.5,0]]"
700,14,1,7,1,"[[1,0,0,1,3],[1,0,0,1,4]]"
701,14,1,8,1,"[[1,0,0,1,3],[1,0,0,1,5]]"
702,14,1,9,0,"[[1,0,0,1,3],[1,0,0,1,3]]"
703,14,1,10,1,"[[1,0,0,1,3],[1,0,0,1,4]]"
704,14,1,11,-1,"[[1,0,0,1,3],[0,0,0,1,2]]"
705,14,1,12,-1,"[[1,0,0,1,3],[0,0,0,1,1]]"
706,14,1,13,-1,"[[1,0,0,1,3],[0,0,0,1,1]]"
707,14,2,3,1,"[[1,0,0,1,2],[1,0,1,0.5,2]]"
708,14,2,4,1,"[[1,0,0,1,2],[1,0,1,0.5,1]]"
709,14,2,5,1,"[[1,0,0,1,2],[1,0,1,0.5,1]]"
710,14,2,6,1,"[[1,0,0,1,2],[1,0,1,0.5,0]]"
711,14,2,7,1,"[[1,0,0,1,2],[1,0,0,1,4]]"
712,14,2,8,1,"[[1,0,0,1,2],[1,0,0,1,5]]"
713,14,2,9,1,"[[1,0,0,1,2],[1,0,0,1,3]]"
714,14,2,10,1,"[[1,0,0,1,2],[1,0,0,1,4]]"
715,14,2,11,-1,"[[1,0,0,1,2],[0,0,0,1,2]]"
716,14,2,12,-1,"[[1,0,0,1,2],[0,0,0,1,1]]"
717,14,2,13,-1,"[[1,0,0,1,2],[0,0,0,1,1]]"
718,14,3,4,-1,"[[1,0,1,0.5,2],[1,0,1,0.5,1]]"
719,14,3,5,-1,"[[1,0,1,0.5,2],[1,0,1,0.5,1]]"
720,14,3,6,-1,"[[1,0,1,0.5,2],[1,0,1,0.5,0]]"
721,14,3,7,-1,"[[1,0,1,0.5,2],[1,0,0,1,4]]"
722,14,3,8,-1,"[[1,0,1,0.5,2],[1,0,0,1,5]]"
723,14,3,9,-1,"[[1,0,1,0.5,2],[1,0,0,1,3]]"
724,14,3,10,-1,"[[1,0,1,0.5,2],[1,0,0,1,4]]"
725,14,3,11,-1,"[[1,0,1,0.5,2],[0,0,0,1,2]]"
726,14,3,12,-1,"[[1,0,1,0.5,2],[0,0,0,1,1]]"
727,14,3,13,-1,"[[1,0,1,0.5,2],[0,0,0,1,1]]"
728,14,4,5,0,"[[1,0,1,0.5,1],[1,0,1,0.5,1]]"
729,14,4,6,-1,"[[1,0,1,0.5,1],[1,0,1,0.5,0]]"
730,14,4,7,-1,"[[1,0,1,0.5,1],[1,0,0,1,4]]"
731,14,4,8,-1,"[[1,0,1,0.5,1],[1,0,0,1,5]]"
732,14,4,9,-1,"[[1,0,1,0.5,1],[1,0,0,1,3]]"
733,14,4,10,-1,"[[1,0,1,0.5,1],[1,0,0,1,4]]"
734,14,4,11,-1,"[[1,0,1,0.5,1],[0,0,0,1,2]]"
735,14,4,12,-1,"[[1,0,1,0.5,1],[0,0,0,1,1]]"
736,14,4,13,-1,"[[1,0,1,0.5,1],[0,0,0,1,1]]"
737,14,5,6,-1,"[[1,0,1,0.5,1],[1,0,1,0.5,0]]"
738,14,5,7,-1,"[[1,0,1,0.5,1],[1,0,0,1,4]]"
739,14,5,8,-1,"[[1,0,1,0.5,1],[1,0,0,1,5]]"
740,14,5,9,-1,"[[1,0,1,0.5,1],[1,0,0,1,3]]"
741,14,5,10,-1,"[[1,0,1,0.5,1],[1,0,0,1,4]]"
742,14,5,11,-1,"[[1,0,1,0.5,1],[0,0,0,1,2]]"
743,14,5,12,-1,"[[1,0,1,0.5,1],[0,0,0,1,1]]"
744,14,5,13,-1,"[[1,0,1,0.5,1],[0,0,0,1,1]]"
745,14,6,7,-1,"[[1,0,1,0.5,0],[1,0,0,1,4]]"
746,14,6,8,-1,"[[1,0,1,0.5,0],[1,0,0,1,5]]"
747,14,6,9,-1,"[[1,0,1,0.5,0],[1,0,0,1,3]]"
748,14,6,10,-1,"[[1,0,1,0.5,0],[1,0,0,1,4]]"
749,14,6,11,-1,"[[1,0,1,0.5,0],[0,0,0,1,2]]"
750,14,6,12,-1,"[[1,0,1,0.5,0],[0,0,0,1,1]]"
751,14,6,13,-1,"[[1,0,1,0.5,0],[0,0,0,1,1]]"
752,14,7,8,1,"[[1,0,0,1,4],[1,0,0,1,5]]"
753,14,7,9,-1,"[[1,0,0,1,4],[1,0,0,1,3]]"
754,14,7,10,0,"[[1,0,0,1,4],[1,0,0,1,4]]"
755,14,7,11,-1,"[[1,0,0,1,4],[0,0,0,1,2]]"
756,14,7,12,-1,"[[1,0,0,1,4],[0,0,0,1,1]]"
757,14,7,13,-1,"[[1,0,0,1,4],[0,0,0,1,1]]"
758,14,8,9,-1,"[[1,0,0,1,5],[1,0,0,1,3]]"
759,14,8,10,-1,"[[1,0,0,1,5],[1,0,0,1,4]]"
760,14,8,11,-1,"[[1,0,0,1,5],[0,0,0,1,2]]"
761,14,8,12,-1,"[[1,0,0,1,5],[0,0,0,1,1]]"
762,14,8,13,-1,"[[1,0,0,1,5],[0,0,0,1,1]]"
763,14,9,10,1,"[[1,0,0,1,3],[1,0,0,1,4]]"
764,14,9,11,-1,"[[1,0,0,1,3],[0,0,0,1,2]]"
765,14,9,12,-1,"[[1,0,0,1,3],[0,0,0,1,1]]"
766,14,9,13,-1,"[[1,0,0,1,3],[0,0,0,1,1]]"
767,14,10,11,-1,"[[1,0,0,1,4],[0,0,0,1,2]]"
768,14,10,12,-1,"[[1,0,0,1,4],[0,0,0,1,1]]"
769,14,10,13,-1,"[[1,0,0,1,4],[0,0,0,1,1]]"
770,14,11,12,-1,"[[0,0,0,1,2],[0,0,0,1,1]]"
771,14,11,13,-1,"[[0,0,0,1,2],[0,0,0,1,1]]"
772,14,12,13,0,"[[0,0,0,1,1],[0,0,0,1,1]]"
